admin2;admin@email.com;password
Admin;admin@gmail.com;password
Ballsack;balls@balls.com;password
Caleb;caleb@gmail.com;password
George;george@gmail.com;password
Edward;edward@gmail.com;password
Sean;sean@gmail.com;password
Harriet;harriet@gmail.com;password
George;george@gmail.com;password
Edward;edward@gmail.com;password
